CreditScore,ScoreCategory
619,Fair
608,Fair
502,Poor
699,Good
850,Excellent
645,Fair
822,Excellent
376,Poor
501,Poor
684,Good
528,Poor
497,Poor
476,Poor
549,Poor
635,Fair
616,Fair
653,Fair
587,Fair
726,Good
732,Good
636,Fair
510,Poor
669,Fair
846,Excellent
577,Poor
756,Very Good
571,Poor
574,Poor
411,Poor
591,Fair
533,Poor
553,Poor
520,Poor
722,Good
475,Poor
490,Poor
804,Excellent
582,Fair
472,Poor
465,Poor
556,Poor
834,Excellent
660,Fair
776,Very Good
829,Excellent
637,Fair
550,Poor
698,Good
585,Fair
788,Very Good
655,Fair
601,Fair
656,Fair
725,Good
511,Poor
614,Fair
742,Very Good
687,Good
555,Poor
603,Fair
751,Very Good
581,Fair
735,Good
661,Fair
675,Good
738,Good
813,Excellent
657,Fair
604,Fair
519,Poor
664,Fair
678,Good
757,Very Good
416,Poor
665,Fair
777,Very Good
543,Poor
506,Poor
493,Poor
652,Fair
750,Very Good
729,Good
646,Fair
647,Fair
808,Excellent
524,Poor
769,Very Good
730,Good
515,Poor
773,Very Good
814,Excellent
710,Good
413,Poor
623,Fair
670,Fair
622,Fair
785,Very Good
605,Fair
479,Poor
685,Good
538,Poor
562,Poor
721,Good
628,Fair
668,Fair
828,Excellent
674,Good
625,Fair
432,Poor
770,Very Good
758,Very Good
795,Very Good
686,Good
789,Very Good
589,Fair
461,Poor
584,Fair
579,Poor
663,Fair
682,Good
793,Very Good
691,Good
485,Poor
650,Fair
754,Very Good
535,Poor
716,Good
539,Poor
706,Good
586,Fair
631,Fair
717,Good
800,Very Good
683,Good
704,Good
615,Fair
667,Fair
484,Poor
480,Poor
578,Poor
512,Poor
606,Fair
597,Fair
778,Very Good
514,Poor
525,Poor
715,Good
580,Poor
807,Excellent
521,Poor
759,Very Good
516,Poor
711,Good
618,Fair
643,Fair
671,Good
689,Good
620,Fair
676,Good
572,Poor
695,Good
592,Fair
567,Poor
694,Good
547,Poor
594,Fair
673,Good
610,Fair
767,Very Good
763,Very Good
712,Good
703,Good
662,Fair
659,Fair
523,Poor
772,Very Good
545,Poor
634,Fair
739,Good
771,Very Good
681,Good
544,Poor
696,Good
766,Very Good
727,Good
693,Good
557,Poor
531,Poor
498,Poor
651,Fair
791,Very Good
733,Good
811,Excellent
707,Good
714,Good
782,Very Good
775,Very Good
799,Very Good
602,Fair
744,Very Good
588,Fair
747,Very Good
583,Fair
627,Fair
731,Good
629,Fair
438,Poor
642,Fair
806,Excellent
474,Poor
559,Poor
429,Poor
680,Good
749,Very Good
734,Good
644,Fair
626,Fair
649,Fair
805,Excellent
718,Good
840,Excellent
630,Fair
654,Fair
762,Very Good
568,Poor
613,Fair
522,Poor
737,Good
648,Fair
443,Poor
640,Fair
540,Poor
460,Poor
593,Fair
801,Excellent
611,Fair
802,Excellent
745,Very Good
483,Poor
690,Good
492,Poor
709,Good
705,Good
560,Poor
752,Very Good
701,Good
537,Poor
487,Poor
596,Fair
702,Good
486,Poor
724,Good
548,Poor
464,Poor
790,Very Good
534,Poor
748,Very Good
494,Poor
590,Fair
468,Poor
509,Poor
818,Excellent
816,Excellent
536,Poor
753,Very Good
774,Very Good
621,Fair
569,Poor
658,Fair
798,Very Good
641,Fair
542,Poor
692,Good
639,Fair
765,Very Good
570,Poor
638,Fair
599,Fair
632,Fair
779,Very Good
527,Poor
564,Poor
833,Excellent
504,Poor
842,Excellent
508,Poor
417,Poor
598,Fair
741,Very Good
607,Fair
761,Very Good
848,Excellent
546,Poor
439,Poor
755,Very Good
760,Very Good
526,Poor
713,Good
700,Good
666,Fair
566,Poor
495,Poor
688,Good
612,Fair
477,Poor
427,Poor
839,Excellent
819,Excellent
720,Good
459,Poor
503,Poor
624,Fair
529,Poor
563,Poor
482,Poor
796,Very Good
445,Poor
746,Very Good
786,Very Good
554,Poor
672,Good
787,Very Good
499,Poor
844,Excellent
450,Poor
815,Excellent
838,Excellent
803,Excellent
736,Good
633,Fair
600,Fair
679,Good
517,Poor
792,Very Good
743,Very Good
488,Poor
421,Poor
841,Excellent
708,Good
507,Poor
505,Poor
456,Poor
435,Poor
561,Poor
518,Poor
565,Poor
728,Good
784,Very Good
552,Poor
609,Fair
764,Very Good
697,Good
723,Good
551,Poor
444,Poor
719,Good
496,Poor
541,Poor
830,Excellent
812,Excellent
677,Good
420,Poor
595,Fair
617,Fair
809,Excellent
500,Poor
826,Excellent
434,Poor
513,Poor
478,Poor
797,Very Good
363,Poor
399,Poor
463,Poor
780,Very Good
452,Poor
575,Poor
837,Excellent
794,Very Good
824,Excellent
428,Poor
823,Excellent
781,Very Good
849,Excellent
489,Poor
431,Poor
457,Poor
768,Very Good
831,Excellent
359,Poor
820,Excellent
573,Poor
576,Poor
558,Poor
817,Excellent
449,Poor
440,Poor
415,Poor
821,Excellent
530,Poor
350,Poor
446,Poor
425,Poor
740,Good
481,Poor
783,Very Good
358,Poor
845,Excellent
451,Poor
458,Poor
469,Poor
423,Poor
404,Poor
836,Excellent
473,Poor
835,Excellent
466,Poor
491,Poor
351,Poor
827,Excellent
843,Excellent
365,Poor
532,Poor
414,Poor
453,Poor
471,Poor
401,Poor
810,Excellent
832,Excellent
470,Poor
447,Poor
422,Poor
825,Excellent
430,Poor
436,Poor
426,Poor
408,Poor
847,Excellent
418,Poor
437,Poor
410,Poor
454,Poor
407,Poor
455,Poor
462,Poor
386,Poor
405,Poor
383,Poor
395,Poor
467,Poor
433,Poor
442,Poor
424,Poor
448,Poor
441,Poor
367,Poor
412,Poor
382,Poor
373,Poor
419,Poor
